cn_identifier,CanonicalName,DistinguishedName,ObjectClass
,h4n0sh1.org/,"DC=h4n0sh1,DC=org",domainDNS
Builtin,h4n0sh1.org/Builtin,"CN=Builtin,DC=h4n0sh1,DC=org",builtinDomain
Builtin/Access Control Assistance Operators,h4n0sh1.org/Builtin/Access Control Assistance Operators,"CN=Access Control Assistance Operators,CN=Builtin,DC=h4n0sh1,DC=org",group
Builtin/Account Operators,h4n0sh1.org/Builtin/Account Operators,"CN=Account Operators,CN=Builtin,DC=h4n0sh1,DC=org",group
Builtin/Administrators,h4n0sh1.org/Builtin/Administrators,"CN=Administrators,CN=Builtin,DC=h4n0sh1,DC=org",group
Builtin/Backup Operators,h4n0sh1.org/Builtin/Backup Operators,"CN=Backup Operators,CN=Builtin,DC=h4n0sh1,DC=org",group
Builtin/Certificate Service DCOM Access,h4n0sh1.org/Builtin/Certificate Service DCOM Access,"CN=Certificate Service DCOM Access,CN=Builtin,DC=h4n0sh1,DC=org",group
Builtin/Cryptographic Operators,h4n0sh1.org/Builtin/Cryptographic Operators,"CN=Cryptographic Operators,CN=Builtin,DC=h4n0sh1,DC=org",group
Builtin/Distributed COM Users,h4n0sh1.org/Builtin/Distributed COM Users,"CN=Distributed COM Users,CN=Builtin,DC=h4n0sh1,DC=org",group
Builtin/Event Log Readers,h4n0sh1.org/Builtin/Event Log Readers,"CN=Event Log Readers,CN=Builtin,DC=h4n0sh1,DC=org",group
Builtin/Guests,h4n0sh1.org/Builtin/Guests,"CN=Guests,CN=Builtin,DC=h4n0sh1,DC=org",group
Builtin/Hyper-V Administrators,h4n0sh1.org/Builtin/Hyper-V Administrators,"CN=Hyper-V Administrators,CN=Builtin,DC=h4n0sh1,DC=org",group
Builtin/IIS_IUSRS,h4n0sh1.org/Builtin/IIS_IUSRS,"CN=IIS_IUSRS,CN=Builtin,DC=h4n0sh1,DC=org",group
Builtin/Incoming Forest Trust Builders,h4n0sh1.org/Builtin/Incoming Forest Trust Builders,"CN=Incoming Forest Trust Builders,CN=Builtin,DC=h4n0sh1,DC=org",group
Builtin/Network Configuration Operators,h4n0sh1.org/Builtin/Network Configuration Operators,"CN=Network Configuration Operators,CN=Builtin,DC=h4n0sh1,DC=org",group
Builtin/Performance Log Users,h4n0sh1.org/Builtin/Performance Log Users,"CN=Performance Log Users,CN=Builtin,DC=h4n0sh1,DC=org",group
Builtin/Performance Monitor Users,h4n0sh1.org/Builtin/Performance Monitor Users,"CN=Performance Monitor Users,CN=Builtin,DC=h4n0sh1,DC=org",group
Builtin/Pre-Windows 2000 Compatible Access,h4n0sh1.org/Builtin/Pre-Windows 2000 Compatible Access,"CN=Pre-Windows 2000 Compatible Access,CN=Builtin,DC=h4n0sh1,DC=org",group
Builtin/Print Operators,h4n0sh1.org/Builtin/Print Operators,"CN=Print Operators,CN=Builtin,DC=h4n0sh1,DC=org",group
Builtin/RDS Endpoint Servers,h4n0sh1.org/Builtin/RDS Endpoint Servers,"CN=RDS Endpoint Servers,CN=Builtin,DC=h4n0sh1,DC=org",group
Builtin/RDS Management Servers,h4n0sh1.org/Builtin/RDS Management Servers,"CN=RDS Management Servers,CN=Builtin,DC=h4n0sh1,DC=org",group
Builtin/RDS Remote Access Servers,h4n0sh1.org/Builtin/RDS Remote Access Servers,"CN=RDS Remote Access Servers,CN=Builtin,DC=h4n0sh1,DC=org",group
Builtin/Remote Desktop Users,h4n0sh1.org/Builtin/Remote Desktop Users,"CN=Remote Desktop Users,CN=Builtin,DC=h4n0sh1,DC=org",group
Builtin/Remote Management Users,h4n0sh1.org/Builtin/Remote Management Users,"CN=Remote Management Users,CN=Builtin,DC=h4n0sh1,DC=org",group
Builtin/Replicator,h4n0sh1.org/Builtin/Replicator,"CN=Replicator,CN=Builtin,DC=h4n0sh1,DC=org",group
Builtin/Server Operators,h4n0sh1.org/Builtin/Server Operators,"CN=Server Operators,CN=Builtin,DC=h4n0sh1,DC=org",group
Builtin/Storage Replica Administrators,h4n0sh1.org/Builtin/Storage Replica Administrators,"CN=Storage Replica Administrators,CN=Builtin,DC=h4n0sh1,DC=org",group
Builtin/Terminal Server License Servers,h4n0sh1.org/Builtin/Terminal Server License Servers,"CN=Terminal Server License Servers,CN=Builtin,DC=h4n0sh1,DC=org",group
Builtin/Users,h4n0sh1.org/Builtin/Users,"CN=Users,CN=Builtin,DC=h4n0sh1,DC=org",group
Builtin/Windows Authorization Access Group,h4n0sh1.org/Builtin/Windows Authorization Access Group,"CN=Windows Authorization Access Group,CN=Builtin,DC=h4n0sh1,DC=org",group
Computers,h4n0sh1.org/Computers,"CN=Computers,DC=h4n0sh1,DC=org",container
Domain Controllers,h4n0sh1.org/Domain Controllers,"OU=Domain Controllers,DC=h4n0sh1,DC=org",organizationalUnit
Domain Controllers/DC,h4n0sh1.org/Domain Controllers/DC,"CN=DC,OU=Domain Controllers,DC=h4n0sh1,DC=org",computer
Domain Controllers/DC/DFSR-LocalSettings,h4n0sh1.org/Domain Controllers/DC/DFSR-LocalSettings,"CN=DFSR-LocalSettings,CN=DC,OU=Domain Controllers,DC=h4n0sh1,DC=org",msDFSR-LocalSettings
Domain Controllers/DC/DFSR-LocalSettings/Domain System Volume,h4n0sh1.org/Domain Controllers/DC/DFSR-LocalSettings/Domain System Volume,"CN=Domain System Volume,CN=DFSR-LocalSettings,CN=DC,OU=Domain Controllers,DC=h4n0sh1,DC=org",msDFSR-Subscriber
Domain Controllers/DC/DFSR-LocalSettings/Domain System Volume/SYSVOL Subscription,h4n0sh1.org/Domain Controllers/DC/DFSR-LocalSettings/Domain System Volume/SYSVOL Subscription,"CN=SYSVOL Subscription,CN=Domain System Volume,CN=DFSR-LocalSettings,CN=DC,OU=Domain Controllers,DC=h4n0sh1,DC=org",msDFSR-Subscription
Domain Controllers/DC/RID Set,h4n0sh1.org/Domain Controllers/DC/RID Set,"CN=RID Set,CN=DC,OU=Domain Controllers,DC=h4n0sh1,DC=org",rIDSet
ForeignSecurityPrincipals,h4n0sh1.org/ForeignSecurityPrincipals,"CN=ForeignSecurityPrincipals,DC=h4n0sh1,DC=org",container
ForeignSecurityPrincipals/S-1-5-11,h4n0sh1.org/ForeignSecurityPrincipals/S-1-5-11,"CN=S-1-5-11,CN=ForeignSecurityPrincipals,DC=h4n0sh1,DC=org",foreignSecurityPrincipal
ForeignSecurityPrincipals/S-1-5-17,h4n0sh1.org/ForeignSecurityPrincipals/S-1-5-17,"CN=S-1-5-17,CN=ForeignSecurityPrincipals,DC=h4n0sh1,DC=org",foreignSecurityPrincipal
ForeignSecurityPrincipals/S-1-5-4,h4n0sh1.org/ForeignSecurityPrincipals/S-1-5-4,"CN=S-1-5-4,CN=ForeignSecurityPrincipals,DC=h4n0sh1,DC=org",foreignSecurityPrincipal
ForeignSecurityPrincipals/S-1-5-9,h4n0sh1.org/ForeignSecurityPrincipals/S-1-5-9,"CN=S-1-5-9,CN=ForeignSecurityPrincipals,DC=h4n0sh1,DC=org",foreignSecurityPrincipal
Infrastructure,h4n0sh1.org/Infrastructure,"CN=Infrastructure,DC=h4n0sh1,DC=org",infrastructureUpdate
Keys,h4n0sh1.org/Keys,"CN=Keys,DC=h4n0sh1,DC=org",container
LostAndFound,h4n0sh1.org/LostAndFound,"CN=LostAndFound,DC=h4n0sh1,DC=org",lostAndFound
Managed Service Accounts,h4n0sh1.org/Managed Service Accounts,"CN=Managed Service Accounts,DC=h4n0sh1,DC=org",container
NTDS Quotas,h4n0sh1.org/NTDS Quotas,"CN=NTDS Quotas,DC=h4n0sh1,DC=org",msDS-QuotaContainer
Program Data,h4n0sh1.org/Program Data,"CN=Program Data,DC=h4n0sh1,DC=org",container
Program Data/Microsoft,h4n0sh1.org/Program Data/Microsoft,"CN=Microsoft,CN=Program Data,DC=h4n0sh1,DC=org",container
System,h4n0sh1.org/System,"CN=System,DC=h4n0sh1,DC=org",container
System/AdminSDHolder,h4n0sh1.org/System/AdminSDHolder,"CN=AdminSDHolder,CN=System,DC=h4n0sh1,DC=org",container
System/ComPartitions,h4n0sh1.org/System/ComPartitions,"CN=ComPartitions,CN=System,DC=h4n0sh1,DC=org",container
System/ComPartitionSets,h4n0sh1.org/System/ComPartitionSets,"CN=ComPartitionSets,CN=System,DC=h4n0sh1,DC=org",container
System/Default Domain Policy,h4n0sh1.org/System/Default Domain Policy,"CN=Default Domain Policy,CN=System,DC=h4n0sh1,DC=org",domainPolicy
System/Default Domain Policy/AppCategories,h4n0sh1.org/System/Default Domain Policy/AppCategories,"CN=AppCategories,CN=Default Domain Policy,CN=System,DC=h4n0sh1,DC=org",classStore
System/Dfs-Configuration,h4n0sh1.org/System/Dfs-Configuration,"CN=Dfs-Configuration,CN=System,DC=h4n0sh1,DC=org",dfsConfiguration
System/DFSR-GlobalSettings,h4n0sh1.org/System/DFSR-GlobalSettings,"CN=DFSR-GlobalSettings,CN=System,DC=h4n0sh1,DC=org",msDFSR-GlobalSettings
System/DFSR-GlobalSettings/Domain System Volume,h4n0sh1.org/System/DFSR-GlobalSettings/Domain System Volume,"CN=Domain System Volume,CN=DFSR-GlobalSettings,CN=System,DC=h4n0sh1,DC=org",msDFSR-ReplicationGroup
System/DFSR-GlobalSettings/Domain System Volume/Content,h4n0sh1.org/System/DFSR-GlobalSettings/Domain System Volume/Content,"CN=Content,CN=Domain System Volume,CN=DFSR-GlobalSettings,CN=System,DC=h4n0sh1,DC=org",msDFSR-Content
System/DFSR-GlobalSettings/Domain System Volume/Content/SYSVOL Share,h4n0sh1.org/System/DFSR-GlobalSettings/Domain System Volume/Content/SYSVOL Share,"CN=SYSVOL Share,CN=Content,CN=Domain System Volume,CN=DFSR-GlobalSettings,CN=System,DC=h4n0sh1,DC=org",msDFSR-ContentSet
System/DFSR-GlobalSettings/Domain System Volume/Topology,h4n0sh1.org/System/DFSR-GlobalSettings/Domain System Volume/Topology,"CN=Topology,CN=Domain System Volume,CN=DFSR-GlobalSettings,CN=System,DC=h4n0sh1,DC=org",msDFSR-Topology
System/DFSR-GlobalSettings/Domain System Volume/Topology/WIN-QPHRJUMHOTP,h4n0sh1.org/System/DFSR-GlobalSettings/Domain System Volume/Topology/WIN-QPHRJUMHOTP,"CN=WIN-QPHRJUMHOTP,CN=Topology,CN=Domain System Volume,CN=DFSR-GlobalSettings,CN=System,DC=h4n0sh1,DC=org",msDFSR-Member
System/DomainUpdates,h4n0sh1.org/System/DomainUpdates,"CN=DomainUpdates,CN=System,DC=h4n0sh1,DC=org",container
System/DomainUpdates/ActiveDirectoryUpdate,h4n0sh1.org/System/DomainUpdates/ActiveDirectoryUpdate,"CN=ActiveDirectoryUpdate,CN=DomainUpdates,CN=System,DC=h4n0sh1,DC=org",container
System/DomainUpdates/Operations,h4n0sh1.org/System/DomainUpdates/Operations,"CN=Operations,CN=DomainUpdates,CN=System,DC=h4n0sh1,DC=org",container
System/DomainUpdates/Operations/0b7fb422-3609-4587-8c2e-94b10f67d1bf,h4n0sh1.org/System/DomainUpdates/Operations/0b7fb422-3609-4587-8c2e-94b10f67d1bf,"CN=0b7fb422-3609-4587-8c2e-94b10f67d1bf,CN=Operations,CN=DomainUpdates,CN=System,DC=h4n0sh1,DC=org",container
System/DomainUpdates/Operations/0e660ea3-8a5e-4495-9ad7-ca1bd4638f9e,h4n0sh1.org/System/DomainUpdates/Operations/0e660ea3-8a5e-4495-9ad7-ca1bd4638f9e,"CN=0e660ea3-8a5e-4495-9ad7-ca1bd4638f9e,CN=Operations,CN=DomainUpdates,CN=System,DC=h4n0sh1,DC=org",container
System/DomainUpdates/Operations/10b3ad2a-6883-4fa7-90fc-6377cbdc1b26,h4n0sh1.org/System/DomainUpdates/Operations/10b3ad2a-6883-4fa7-90fc-6377cbdc1b26,"CN=10b3ad2a-6883-4fa7-90fc-6377cbdc1b26,CN=Operations,CN=DomainUpdates,CN=System,DC=h4n0sh1,DC=org",container
System/DomainUpdates/Operations/13d15cf0-e6c8-11d6-9793-00c04f613221,h4n0sh1.org/System/DomainUpdates/Operations/13d15cf0-e6c8-11d6-9793-00c04f613221,"CN=13d15cf0-e6c8-11d6-9793-00c04f613221,CN=Operations,CN=DomainUpdates,CN=System,DC=h4n0sh1,DC=org",container
System/DomainUpdates/Operations/231fb90b-c92a-40c9-9379-bacfc313a3e3,h4n0sh1.org/System/DomainUpdates/Operations/231fb90b-c92a-40c9-9379-bacfc313a3e3,"CN=231fb90b-c92a-40c9-9379-bacfc313a3e3,CN=Operations,CN=DomainUpdates,CN=System,DC=h4n0sh1,DC=org",container
System/DomainUpdates/Operations/2416c60a-fe15-4d7a-a61e-dffd5df864d3,h4n0sh1.org/System/DomainUpdates/Operations/2416c60a-fe15-4d7a-a61e-dffd5df864d3,"CN=2416c60a-fe15-4d7a-a61e-dffd5df864d3,CN=Operations,CN=DomainUpdates,CN=System,DC=h4n0sh1,DC=org",container
System/DomainUpdates/Operations/293f0798-ea5c-4455-9f5d-45f33a30703b,h4n0sh1.org/System/DomainUpdates/Operations/293f0798-ea5c-4455-9f5d-45f33a30703b,"CN=293f0798-ea5c-4455-9f5d-45f33a30703b,CN=Operations,CN=DomainUpdates,CN=System,DC=h4n0sh1,DC=org",container
System/DomainUpdates/Operations/2951353e-d102-4ea5-906c-54247eeec741,h4n0sh1.org/System/DomainUpdates/Operations/2951353e-d102-4ea5-906c-54247eeec741,"CN=2951353e-d102-4ea5-906c-54247eeec741,CN=Operations,CN=DomainUpdates,CN=System,DC=h4n0sh1,DC=org",container
System/DomainUpdates/Operations/3051c66f-b332-4a73-9a20-2d6a7d6e6a1c,h4n0sh1.org/System/DomainUpdates/Operations/3051c66f-b332-4a73-9a20-2d6a7d6e6a1c,"CN=3051c66f-b332-4a73-9a20-2d6a7d6e6a1c,CN=Operations,CN=DomainUpdates,CN=System,DC=h4n0sh1,DC=org",container
System/DomainUpdates/Operations/3a6b3fbf-3168-4312-a10d-dd5b3393952d,h4n0sh1.org/System/DomainUpdates/Operations/3a6b3fbf-3168-4312-a10d-dd5b3393952d,"CN=3a6b3fbf-3168-4312-a10d-dd5b3393952d,CN=Operations,CN=DomainUpdates,CN=System,DC=h4n0sh1,DC=org",container
System/DomainUpdates/Operations/3c784009-1f57-4e2a-9b04-6915c9e71961,h4n0sh1.org/System/DomainUpdates/Operations/3c784009-1f57-4e2a-9b04-6915c9e71961,"CN=3c784009-1f57-4e2a-9b04-6915c9e71961,CN=Operations,CN=DomainUpdates,CN=System,DC=h4n0sh1,DC=org",container
System/DomainUpdates/Operations/3e4f4182-ac5d-4378-b760-0eab2de593e2,h4n0sh1.org/System/DomainUpdates/Operations/3e4f4182-ac5d-4378-b760-0eab2de593e2,"CN=3e4f4182-ac5d-4378-b760-0eab2de593e2,CN=Operations,CN=DomainUpdates,CN=System,DC=h4n0sh1,DC=org",container
System/DomainUpdates/Operations/434bb40d-dbc9-4fe7-81d4-d57229f7b080,h4n0sh1.org/System/DomainUpdates/Operations/434bb40d-dbc9-4fe7-81d4-d57229f7b080,"CN=434bb40d-dbc9-4fe7-81d4-d57229f7b080,CN=Operations,CN=DomainUpdates,CN=System,DC=h4n0sh1,DC=org",container
System/DomainUpdates/Operations/446f24ea-cfd5-4c52-8346-96e170bcb912,h4n0sh1.org/System/DomainUpdates/Operations/446f24ea-cfd5-4c52-8346-96e170bcb912,"CN=446f24ea-cfd5-4c52-8346-96e170bcb912,CN=Operations,CN=DomainUpdates,CN=System,DC=h4n0sh1,DC=org",container
System/DomainUpdates/Operations/4aaabc3a-c416-4b9c-a6bb-4b453ab1c1f0,h4n0sh1.org/System/DomainUpdates/Operations/4aaabc3a-c416-4b9c-a6bb-4b453ab1c1f0,"CN=4aaabc3a-c416-4b9c-a6bb-4b453ab1c1f0,CN=Operations,CN=DomainUpdates,CN=System,DC=h4n0sh1,DC=org",container
System/DomainUpdates/Operations/4c93ad42-178a-4275-8600-16811d28f3aa,h4n0sh1.org/System/DomainUpdates/Operations/4c93ad42-178a-4275-8600-16811d28f3aa,"CN=4c93ad42-178a-4275-8600-16811d28f3aa,CN=Operations,CN=DomainUpdates,CN=System,DC=h4n0sh1,DC=org",container
System/DomainUpdates/Operations/4dfbb973-8a62-4310-a90c-776e00f83222,h4n0sh1.org/System/DomainUpdates/Operations/4dfbb973-8a62-4310-a90c-776e00f83222,"CN=4dfbb973-8a62-4310-a90c-776e00f83222,CN=Operations,CN=DomainUpdates,CN=System,DC=h4n0sh1,DC=org",container
System/DomainUpdates/Operations/51cba88b-99cf-4e16-bef2-c427b38d0767,h4n0sh1.org/System/DomainUpdates/Operations/51cba88b-99cf-4e16-bef2-c427b38d0767,"CN=51cba88b-99cf-4e16-bef2-c427b38d0767,CN=Operations,CN=DomainUpdates,CN=System,DC=h4n0sh1,DC=org",container
System/DomainUpdates/Operations/54afcfb9-637a-4251-9f47-4d50e7021211,h4n0sh1.org/System/DomainUpdates/Operations/54afcfb9-637a-4251-9f47-4d50e7021211,"CN=54afcfb9-637a-4251-9f47-4d50e7021211,CN=Operations,CN=DomainUpdates,CN=System,DC=h4n0sh1,DC=org",container
System/DomainUpdates/Operations/57428d75-bef7-43e1-938b-2e749f5a8d56,h4n0sh1.org/System/DomainUpdates/Operations/57428d75-bef7-43e1-938b-2e749f5a8d56,"CN=57428d75-bef7-43e1-938b-2e749f5a8d56,CN=Operations,CN=DomainUpdates,CN=System,DC=h4n0sh1,DC=org",container
System/DomainUpdates/Operations/5c82b233-75fc-41b3-ac71-c69592e6bf15,h4n0sh1.org/System/DomainUpdates/Operations/5c82b233-75fc-41b3-ac71-c69592e6bf15,"CN=5c82b233-75fc-41b3-ac71-c69592e6bf15,CN=Operations,CN=DomainUpdates,CN=System,DC=h4n0sh1,DC=org",container
System/DomainUpdates/Operations/5e1574f6-55df-493e-a671-aaeffca6a100,h4n0sh1.org/System/DomainUpdates/Operations/5e1574f6-55df-493e-a671-aaeffca6a100,"CN=5e1574f6-55df-493e-a671-aaeffca6a100,CN=Operations,CN=DomainUpdates,CN=System,DC=h4n0sh1,DC=org",container
System/DomainUpdates/Operations/61b34cb0-55ee-4be9-b595-97810b92b017,h4n0sh1.org/System/DomainUpdates/Operations/61b34cb0-55ee-4be9-b595-97810b92b017,"CN=61b34cb0-55ee-4be9-b595-97810b92b017,CN=Operations,CN=DomainUpdates,CN=System,DC=h4n0sh1,DC=org",container
System/DomainUpdates/Operations/6ada9ff7-c9df-45c1-908e-9fef2fab008a,h4n0sh1.org/System/DomainUpdates/Operations/6ada9ff7-c9df-45c1-908e-9fef2fab008a,"CN=6ada9ff7-c9df-45c1-908e-9fef2fab008a,CN=Operations,CN=DomainUpdates,CN=System,DC=h4n0sh1,DC=org",container
System/DomainUpdates/Operations/6bcd5678-8314-11d6-977b-00c04f613221,h4n0sh1.org/System/DomainUpdates/Operations/6bcd5678-8314-11d6-977b-00c04f613221,"CN=6bcd5678-8314-11d6-977b-00c04f613221,CN=Operations,CN=DomainUpdates,CN=System,DC=h4n0sh1,DC=org",container
System/DomainUpdates/Operations/6bcd5679-8314-11d6-977b-00c04f613221,h4n0sh1.org/System/DomainUpdates/Operations/6bcd5679-8314-11d6-977b-00c04f613221,"CN=6bcd5679-8314-11d6-977b-00c04f613221,CN=Operations,CN=DomainUpdates,CN=System,DC=h4n0sh1,DC=org",container
System/DomainUpdates/Operations/6bcd567a-8314-11d6-977b-00c04f613221,h4n0sh1.org/System/DomainUpdates/Operations/6bcd567a-8314-11d6-977b-00c04f613221,"CN=6bcd567a-8314-11d6-977b-00c04f613221,CN=Operations,CN=DomainUpdates,CN=System,DC=h4n0sh1,DC=org",container
System/DomainUpdates/Operations/6bcd567b-8314-11d6-977b-00c04f613221,h4n0sh1.org/System/DomainUpdates/Operations/6bcd567b-8314-11d6-977b-00c04f613221,"CN=6bcd567b-8314-11d6-977b-00c04f613221,CN=Operations,CN=DomainUpdates,CN=System,DC=h4n0sh1,DC=org",container
System/DomainUpdates/Operations/6bcd567c-8314-11d6-977b-00c04f613221,h4n0sh1.org/System/DomainUpdates/Operations/6bcd567c-8314-11d6-977b-00c04f613221,"CN=6bcd567c-8314-11d6-977b-00c04f613221,CN=Operations,CN=DomainUpdates,CN=System,DC=h4n0sh1,DC=org",container
System/DomainUpdates/Operations/6bcd567d-8314-11d6-977b-00c04f613221,h4n0sh1.org/System/DomainUpdates/Operations/6bcd567d-8314-11d6-977b-00c04f613221,"CN=6bcd567d-8314-11d6-977b-00c04f613221,CN=Operations,CN=DomainUpdates,CN=System,DC=h4n0sh1,DC=org",container
System/DomainUpdates/Operations/6bcd567e-8314-11d6-977b-00c04f613221,h4n0sh1.org/System/DomainUpdates/Operations/6bcd567e-8314-11d6-977b-00c04f613221,"CN=6bcd567e-8314-11d6-977b-00c04f613221,CN=Operations,CN=DomainUpdates,CN=System,DC=h4n0sh1,DC=org",container
System/DomainUpdates/Operations/6bcd567f-8314-11d6-977b-00c04f613221,h4n0sh1.org/System/DomainUpdates/Operations/6bcd567f-8314-11d6-977b-00c04f613221,"CN=6bcd567f-8314-11d6-977b-00c04f613221,CN=Operations,CN=DomainUpdates,CN=System,DC=h4n0sh1,DC=org",container
System/DomainUpdates/Operations/6bcd5680-8314-11d6-977b-00c04f613221,h4n0sh1.org/System/DomainUpdates/Operations/6bcd5680-8314-11d6-977b-00c04f613221,"CN=6bcd5680-8314-11d6-977b-00c04f613221,CN=Operations,CN=DomainUpdates,CN=System,DC=h4n0sh1,DC=org",container
System/DomainUpdates/Operations/6bcd5681-8314-11d6-977b-00c04f613221,h4n0sh1.org/System/DomainUpdates/Operations/6bcd5681-8314-11d6-977b-00c04f613221,"CN=6bcd5681-8314-11d6-977b-00c04f613221,CN=Operations,CN=DomainUpdates,CN=System,DC=h4n0sh1,DC=org",container
System/DomainUpdates/Operations/6bcd5682-8314-11d6-977b-00c04f613221,h4n0sh1.org/System/DomainUpdates/Operations/6bcd5682-8314-11d6-977b-00c04f613221,"CN=6bcd5682-8314-11d6-977b-00c04f613221,CN=Operations,CN=DomainUpdates,CN=System,DC=h4n0sh1,DC=org",container
System/DomainUpdates/Operations/6bcd5683-8314-11d6-977b-00c04f613221,h4n0sh1.org/System/DomainUpdates/Operations/6bcd5683-8314-11d6-977b-00c04f613221,"CN=6bcd5683-8314-11d6-977b-00c04f613221,CN=Operations,CN=DomainUpdates,CN=System,DC=h4n0sh1,DC=org",container
System/DomainUpdates/Operations/6bcd5684-8314-11d6-977b-00c04f613221,h4n0sh1.org/System/DomainUpdates/Operations/6bcd5684-8314-11d6-977b-00c04f613221,"CN=6bcd5684-8314-11d6-977b-00c04f613221,CN=Operations,CN=DomainUpdates,CN=System,DC=h4n0sh1,DC=org",container
System/DomainUpdates/Operations/6bcd5685-8314-11d6-977b-00c04f613221,h4n0sh1.org/System/DomainUpdates/Operations/6bcd5685-8314-11d6-977b-00c04f613221,"CN=6bcd5685-8314-11d6-977b-00c04f613221,CN=Operations,CN=DomainUpdates,CN=System,DC=h4n0sh1,DC=org",container
System/DomainUpdates/Operations/6bcd5686-8314-11d6-977b-00c04f613221,h4n0sh1.org/System/DomainUpdates/Operations/6bcd5686-8314-11d6-977b-00c04f613221,"CN=6bcd5686-8314-11d6-977b-00c04f613221,CN=Operations,CN=DomainUpdates,CN=System,DC=h4n0sh1,DC=org",container
System/DomainUpdates/Operations/6bcd5687-8314-11d6-977b-00c04f613221,h4n0sh1.org/System/DomainUpdates/Operations/6bcd5687-8314-11d6-977b-00c04f613221,"CN=6bcd5687-8314-11d6-977b-00c04f613221,CN=Operations,CN=DomainUpdates,CN=System,DC=h4n0sh1,DC=org",container
System/DomainUpdates/Operations/6bcd5688-8314-11d6-977b-00c04f613221,h4n0sh1.org/System/DomainUpdates/Operations/6bcd5688-8314-11d6-977b-00c04f613221,"CN=6bcd5688-8314-11d6-977b-00c04f613221,CN=Operations,CN=DomainUpdates,CN=System,DC=h4n0sh1,DC=org",container
System/DomainUpdates/Operations/6bcd5689-8314-11d6-977b-00c04f613221,h4n0sh1.org/System/DomainUpdates/Operations/6bcd5689-8314-11d6-977b-00c04f613221,"CN=6bcd5689-8314-11d6-977b-00c04f613221,CN=Operations,CN=DomainUpdates,CN=System,DC=h4n0sh1,DC=org",container
System/DomainUpdates/Operations/6bcd568a-8314-11d6-977b-00c04f613221,h4n0sh1.org/System/DomainUpdates/Operations/6bcd568a-8314-11d6-977b-00c04f613221,"CN=6bcd568a-8314-11d6-977b-00c04f613221,CN=Operations,CN=DomainUpdates,CN=System,DC=h4n0sh1,DC=org",container
System/DomainUpdates/Operations/6bcd568b-8314-11d6-977b-00c04f613221,h4n0sh1.org/System/DomainUpdates/Operations/6bcd568b-8314-11d6-977b-00c04f613221,"CN=6bcd568b-8314-11d6-977b-00c04f613221,CN=Operations,CN=DomainUpdates,CN=System,DC=h4n0sh1,DC=org",container
System/DomainUpdates/Operations/6bcd568c-8314-11d6-977b-00c04f613221,h4n0sh1.org/System/DomainUpdates/Operations/6bcd568c-8314-11d6-977b-00c04f613221,"CN=6bcd568c-8314-11d6-977b-00c04f613221,CN=Operations,CN=DomainUpdates,CN=System,DC=h4n0sh1,DC=org",container
System/DomainUpdates/Operations/6bcd568d-8314-11d6-977b-00c04f613221,h4n0sh1.org/System/DomainUpdates/Operations/6bcd568d-8314-11d6-977b-00c04f613221,"CN=6bcd568d-8314-11d6-977b-00c04f613221,CN=Operations,CN=DomainUpdates,CN=System,DC=h4n0sh1,DC=org",container
System/DomainUpdates/Operations/6E157EDF-4E72-4052-A82A-EC3F91021A22,h4n0sh1.org/System/DomainUpdates/Operations/6E157EDF-4E72-4052-A82A-EC3F91021A22,"CN=6E157EDF-4E72-4052-A82A-EC3F91021A22,CN=Operations,CN=DomainUpdates,CN=System,DC=h4n0sh1,DC=org",container
System/DomainUpdates/Operations/6ff880d6-11e7-4ed1-a20f-aac45da48650,h4n0sh1.org/System/DomainUpdates/Operations/6ff880d6-11e7-4ed1-a20f-aac45da48650,"CN=6ff880d6-11e7-4ed1-a20f-aac45da48650,CN=Operations,CN=DomainUpdates,CN=System,DC=h4n0sh1,DC=org",container
System/DomainUpdates/Operations/71482d49-8870-4cb3-a438-b6fc9ec35d70,h4n0sh1.org/System/DomainUpdates/Operations/71482d49-8870-4cb3-a438-b6fc9ec35d70,"CN=71482d49-8870-4cb3-a438-b6fc9ec35d70,CN=Operations,CN=DomainUpdates,CN=System,DC=h4n0sh1,DC=org",container
System/DomainUpdates/Operations/7868d4c8-ac41-4e05-b401-776280e8e9f1,h4n0sh1.org/System/DomainUpdates/Operations/7868d4c8-ac41-4e05-b401-776280e8e9f1,"CN=7868d4c8-ac41-4e05-b401-776280e8e9f1,CN=Operations,CN=DomainUpdates,CN=System,DC=h4n0sh1,DC=org",container
System/DomainUpdates/Operations/7cfb016c-4f87-4406-8166-bd9df943947f,h4n0sh1.org/System/DomainUpdates/Operations/7cfb016c-4f87-4406-8166-bd9df943947f,"CN=7cfb016c-4f87-4406-8166-bd9df943947f,CN=Operations,CN=DomainUpdates,CN=System,DC=h4n0sh1,DC=org",container
System/DomainUpdates/Operations/7F950403-0AB3-47F9-9730-5D7B0269F9BD,h4n0sh1.org/System/DomainUpdates/Operations/7F950403-0AB3-47F9-9730-5D7B0269F9BD,"CN=7F950403-0AB3-47F9-9730-5D7B0269F9BD,CN=Operations,CN=DomainUpdates,CN=System,DC=h4n0sh1,DC=org",container
System/DomainUpdates/Operations/7ffef925-405b-440a-8d58-35e8cd6e98c3,h4n0sh1.org/System/DomainUpdates/Operations/7ffef925-405b-440a-8d58-35e8cd6e98c3,"CN=7ffef925-405b-440a-8d58-35e8cd6e98c3,CN=Operations,CN=DomainUpdates,CN=System,DC=h4n0sh1,DC=org",container
System/DomainUpdates/Operations/82112ba0-7e4c-4a44-89d9-d46c9612bf91,h4n0sh1.org/System/DomainUpdates/Operations/82112ba0-7e4c-4a44-89d9-d46c9612bf91,"CN=82112ba0-7e4c-4a44-89d9-d46c9612bf91,CN=Operations,CN=DomainUpdates,CN=System,DC=h4n0sh1,DC=org",container
System/DomainUpdates/Operations/83C53DA7-427E-47A4-A07A-A324598B88F7,h4n0sh1.org/System/DomainUpdates/Operations/83C53DA7-427E-47A4-A07A-A324598B88F7,"CN=83C53DA7-427E-47A4-A07A-A324598B88F7,CN=Operations,CN=DomainUpdates,CN=System,DC=h4n0sh1,DC=org",container
System/DomainUpdates/Operations/8437C3D8-7689-4200-BF38-79E4AC33DFA0,h4n0sh1.org/System/DomainUpdates/Operations/8437C3D8-7689-4200-BF38-79E4AC33DFA0,"CN=8437C3D8-7689-4200-BF38-79E4AC33DFA0,CN=Operations,CN=DomainUpdates,CN=System,DC=h4n0sh1,DC=org",container
System/DomainUpdates/Operations/860c36ed-5241-4c62-a18b-cf6ff9994173,h4n0sh1.org/System/DomainUpdates/Operations/860c36ed-5241-4c62-a18b-cf6ff9994173,"CN=860c36ed-5241-4c62-a18b-cf6ff9994173,CN=Operations,CN=DomainUpdates,CN=System,DC=h4n0sh1,DC=org",container
System/DomainUpdates/Operations/8ca38317-13a4-4bd4-806f-ebed6acb5d0c,h4n0sh1.org/System/DomainUpdates/Operations/8ca38317-13a4-4bd4-806f-ebed6acb5d0c,"CN=8ca38317-13a4-4bd4-806f-ebed6acb5d0c,CN=Operations,CN=DomainUpdates,CN=System,DC=h4n0sh1,DC=org",container
System/DomainUpdates/Operations/8ddf6913-1c7b-4c59-a5af-b9ca3b3d2c4c,h4n0sh1.org/System/DomainUpdates/Operations/8ddf6913-1c7b-4c59-a5af-b9ca3b3d2c4c,"CN=8ddf6913-1c7b-4c59-a5af-b9ca3b3d2c4c,CN=Operations,CN=DomainUpdates,CN=System,DC=h4n0sh1,DC=org",container
System/DomainUpdates/Operations/9738c400-7795-4d6e-b19d-c16cd6486166,h4n0sh1.org/System/DomainUpdates/Operations/9738c400-7795-4d6e-b19d-c16cd6486166,"CN=9738c400-7795-4d6e-b19d-c16cd6486166,CN=Operations,CN=DomainUpdates,CN=System,DC=h4n0sh1,DC=org",container
System/DomainUpdates/Operations/98de1d3e-6611-443b-8b4e-f4337f1ded0b,h4n0sh1.org/System/DomainUpdates/Operations/98de1d3e-6611-443b-8b4e-f4337f1ded0b,"CN=98de1d3e-6611-443b-8b4e-f4337f1ded0b,CN=Operations,CN=DomainUpdates,CN=System,DC=h4n0sh1,DC=org",container
System/DomainUpdates/Operations/9cac1f66-2167-47ad-a472-2a13251310e4,h4n0sh1.org/System/DomainUpdates/Operations/9cac1f66-2167-47ad-a472-2a13251310e4,"CN=9cac1f66-2167-47ad-a472-2a13251310e4,CN=Operations,CN=DomainUpdates,CN=System,DC=h4n0sh1,DC=org",container
System/DomainUpdates/Operations/A0C238BA-9E30-4EE6-80A6-43F731E9A5CD,h4n0sh1.org/System/DomainUpdates/Operations/A0C238BA-9E30-4EE6-80A6-43F731E9A5CD,"CN=A0C238BA-9E30-4EE6-80A6-43F731E9A5CD,CN=Operations,CN=DomainUpdates,CN=System,DC=h4n0sh1,DC=org",container
System/DomainUpdates/Operations/a1789bfb-e0a2-4739-8cc0-e77d892d080a,h4n0sh1.org/System/DomainUpdates/Operations/a1789bfb-e0a2-4739-8cc0-e77d892d080a,"CN=a1789bfb-e0a2-4739-8cc0-e77d892d080a,CN=Operations,CN=DomainUpdates,CN=System,DC=h4n0sh1,DC=org",container
System/DomainUpdates/Operations/a3dac986-80e7-4e59-a059-54cb1ab43cb9,h4n0sh1.org/System/DomainUpdates/Operations/a3dac986-80e7-4e59-a059-54cb1ab43cb9,"CN=a3dac986-80e7-4e59-a059-54cb1ab43cb9,CN=Operations,CN=DomainUpdates,CN=System,DC=h4n0sh1,DC=org",container
System/DomainUpdates/Operations/a86fe12a-0f62-4e2a-b271-d27f601f8182,h4n0sh1.org/System/DomainUpdates/Operations/a86fe12a-0f62-4e2a-b271-d27f601f8182,"CN=a86fe12a-0f62-4e2a-b271-d27f601f8182,CN=Operations,CN=DomainUpdates,CN=System,DC=h4n0sh1,DC=org",container
System/DomainUpdates/Operations/ab402345-d3c3-455d-9ff7-40268a1099b6,h4n0sh1.org/System/DomainUpdates/Operations/ab402345-d3c3-455d-9ff7-40268a1099b6,"CN=ab402345-d3c3-455d-9ff7-40268a1099b6,CN=Operations,CN=DomainUpdates,CN=System,DC=h4n0sh1,DC=org",container
System/DomainUpdates/Operations/aed72870-bf16-4788-8ac7-22299c8207f1,h4n0sh1.org/System/DomainUpdates/Operations/aed72870-bf16-4788-8ac7-22299c8207f1,"CN=aed72870-bf16-4788-8ac7-22299c8207f1,CN=Operations,CN=DomainUpdates,CN=System,DC=h4n0sh1,DC=org",container
System/DomainUpdates/Operations/b96ed344-545a-4172-aa0c-68118202f125,h4n0sh1.org/System/DomainUpdates/Operations/b96ed344-545a-4172-aa0c-68118202f125,"CN=b96ed344-545a-4172-aa0c-68118202f125,CN=Operations,CN=DomainUpdates,CN=System,DC=h4n0sh1,DC=org",container
System/DomainUpdates/Operations/bab5f54d-06c8-48de-9b87-d78b796564e4,h4n0sh1.org/System/DomainUpdates/Operations/bab5f54d-06c8-48de-9b87-d78b796564e4,"CN=bab5f54d-06c8-48de-9b87-d78b796564e4,CN=Operations,CN=DomainUpdates,CN=System,DC=h4n0sh1,DC=org",container
System/DomainUpdates/Operations/c3c927a6-cc1d-47c0-966b-be8f9b63d991,h4n0sh1.org/System/DomainUpdates/Operations/c3c927a6-cc1d-47c0-966b-be8f9b63d991,"CN=c3c927a6-cc1d-47c0-966b-be8f9b63d991,CN=Operations,CN=DomainUpdates,CN=System,DC=h4n0sh1,DC=org",container
System/DomainUpdates/Operations/c4f17608-e611-11d6-9793-00c04f613221,h4n0sh1.org/System/DomainUpdates/Operations/c4f17608-e611-11d6-9793-00c04f613221,"CN=c4f17608-e611-11d6-9793-00c04f613221,CN=Operations,CN=DomainUpdates,CN=System,DC=h4n0sh1,DC=org",container
System/DomainUpdates/Operations/C81FC9CC-0130-4FD1-B272-634D74818133,h4n0sh1.org/System/DomainUpdates/Operations/C81FC9CC-0130-4FD1-B272-634D74818133,"CN=C81FC9CC-0130-4FD1-B272-634D74818133,CN=Operations,CN=DomainUpdates,CN=System,DC=h4n0sh1,DC=org",container
System/DomainUpdates/Operations/c88227bc-fcca-4b58-8d8a-cd3d64528a02,h4n0sh1.org/System/DomainUpdates/Operations/c88227bc-fcca-4b58-8d8a-cd3d64528a02,"CN=c88227bc-fcca-4b58-8d8a-cd3d64528a02,CN=Operations,CN=DomainUpdates,CN=System,DC=h4n0sh1,DC=org",container
System/DomainUpdates/Operations/d262aae8-41f7-48ed-9f35-56bbb677573d,h4n0sh1.org/System/DomainUpdates/Operations/d262aae8-41f7-48ed-9f35-56bbb677573d,"CN=d262aae8-41f7-48ed-9f35-56bbb677573d,CN=Operations,CN=DomainUpdates,CN=System,DC=h4n0sh1,DC=org",container
System/DomainUpdates/Operations/d85c0bfd-094f-4cad-a2b5-82ac9268475d,h4n0sh1.org/System/DomainUpdates/Operations/d85c0bfd-094f-4cad-a2b5-82ac9268475d,"CN=d85c0bfd-094f-4cad-a2b5-82ac9268475d,CN=Operations,CN=DomainUpdates,CN=System,DC=h4n0sh1,DC=org",container
System/DomainUpdates/Operations/dda1d01d-4bd7-4c49-a184-46f9241b560e,h4n0sh1.org/System/DomainUpdates/Operations/dda1d01d-4bd7-4c49-a184-46f9241b560e,"CN=dda1d01d-4bd7-4c49-a184-46f9241b560e,CN=Operations,CN=DomainUpdates,CN=System,DC=h4n0sh1,DC=org",container
System/DomainUpdates/Operations/de10d491-909f-4fb0-9abb-4b7865c0fe80,h4n0sh1.org/System/DomainUpdates/Operations/de10d491-909f-4fb0-9abb-4b7865c0fe80,"CN=de10d491-909f-4fb0-9abb-4b7865c0fe80,CN=Operations,CN=DomainUpdates,CN=System,DC=h4n0sh1,DC=org",container
System/DomainUpdates/Operations/E5F9E791-D96D-4FC9-93C9-D53E1DC439BA,h4n0sh1.org/System/DomainUpdates/Operations/E5F9E791-D96D-4FC9-93C9-D53E1DC439BA,"CN=E5F9E791-D96D-4FC9-93C9-D53E1DC439BA,CN=Operations,CN=DomainUpdates,CN=System,DC=h4n0sh1,DC=org",container
System/DomainUpdates/Operations/e6d5fd00-385d-4e65-b02d-9da3493ed850,h4n0sh1.org/System/DomainUpdates/Operations/e6d5fd00-385d-4e65-b02d-9da3493ed850,"CN=e6d5fd00-385d-4e65-b02d-9da3493ed850,CN=Operations,CN=DomainUpdates,CN=System,DC=h4n0sh1,DC=org",container
System/DomainUpdates/Operations/ebad865a-d649-416f-9922-456b53bbb5b8,h4n0sh1.org/System/DomainUpdates/Operations/ebad865a-d649-416f-9922-456b53bbb5b8,"CN=ebad865a-d649-416f-9922-456b53bbb5b8,CN=Operations,CN=DomainUpdates,CN=System,DC=h4n0sh1,DC=org",container
System/DomainUpdates/Operations/f3dd09dd-25e8-4f9c-85df-12d6d2f2f2f5,h4n0sh1.org/System/DomainUpdates/Operations/f3dd09dd-25e8-4f9c-85df-12d6d2f2f2f5,"CN=f3dd09dd-25e8-4f9c-85df-12d6d2f2f2f5,CN=Operations,CN=DomainUpdates,CN=System,DC=h4n0sh1,DC=org",container
System/DomainUpdates/Operations/f4728883-84dd-483c-9897-274f2ebcf11e,h4n0sh1.org/System/DomainUpdates/Operations/f4728883-84dd-483c-9897-274f2ebcf11e,"CN=f4728883-84dd-483c-9897-274f2ebcf11e,CN=Operations,CN=DomainUpdates,CN=System,DC=h4n0sh1,DC=org",container
System/DomainUpdates/Operations/f58300d1-b71a-4DB6-88a1-a8b9538beaca,h4n0sh1.org/System/DomainUpdates/Operations/f58300d1-b71a-4DB6-88a1-a8b9538beaca,"CN=f58300d1-b71a-4DB6-88a1-a8b9538beaca,CN=Operations,CN=DomainUpdates,CN=System,DC=h4n0sh1,DC=org",container
System/DomainUpdates/Operations/f607fd87-80cf-45e2-890b-6cf97ec0e284,h4n0sh1.org/System/DomainUpdates/Operations/f607fd87-80cf-45e2-890b-6cf97ec0e284,"CN=f607fd87-80cf-45e2-890b-6cf97ec0e284,CN=Operations,CN=DomainUpdates,CN=System,DC=h4n0sh1,DC=org",container
System/DomainUpdates/Operations/f7ed4553-d82b-49ef-a839-2f38a36bb069,h4n0sh1.org/System/DomainUpdates/Operations/f7ed4553-d82b-49ef-a839-2f38a36bb069,"CN=f7ed4553-d82b-49ef-a839-2f38a36bb069,CN=Operations,CN=DomainUpdates,CN=System,DC=h4n0sh1,DC=org",container
System/DomainUpdates/Operations/ff4f9d27-7157-4cb0-80a9-5d6f2b14c8ff,h4n0sh1.org/System/DomainUpdates/Operations/ff4f9d27-7157-4cb0-80a9-5d6f2b14c8ff,"CN=ff4f9d27-7157-4cb0-80a9-5d6f2b14c8ff,CN=Operations,CN=DomainUpdates,CN=System,DC=h4n0sh1,DC=org",container
System/DomainUpdates/Windows2003Update,h4n0sh1.org/System/DomainUpdates/Windows2003Update,"CN=Windows2003Update,CN=DomainUpdates,CN=System,DC=h4n0sh1,DC=org",container
System/File Replication Service,h4n0sh1.org/System/File Replication Service,"CN=File Replication Service,CN=System,DC=h4n0sh1,DC=org",nTFRSSettings
System/FileLinks,h4n0sh1.org/System/FileLinks,"CN=FileLinks,CN=System,DC=h4n0sh1,DC=org",fileLinkTracking
System/FileLinks/ObjectMoveTable,h4n0sh1.org/System/FileLinks/ObjectMoveTable,"CN=ObjectMoveTable,CN=FileLinks,CN=System,DC=h4n0sh1,DC=org",linkTrackObjectMoveTable
System/FileLinks/VolumeTable,h4n0sh1.org/System/FileLinks/VolumeTable,"CN=VolumeTable,CN=FileLinks,CN=System,DC=h4n0sh1,DC=org",linkTrackVolumeTable
System/IP Security,h4n0sh1.org/System/IP Security,"CN=IP Security,CN=System,DC=h4n0sh1,DC=org",container
System/IP Security/ipsecFilter{72385235-70FA-11D1-864C-14A300000000},h4n0sh1.org/System/IP Security/ipsecFilter{72385235-70FA-11D1-864C-14A300000000},"CN=ipsecFilter{72385235-70FA-11D1-864C-14A300000000},CN=IP Security,CN=System,DC=h4n0sh1,DC=org",ipsecFilter
System/IP Security/ipsecFilter{7238523A-70FA-11D1-864C-14A300000000},h4n0sh1.org/System/IP Security/ipsecFilter{7238523A-70FA-11D1-864C-14A300000000},"CN=ipsecFilter{7238523A-70FA-11D1-864C-14A300000000},CN=IP Security,CN=System,DC=h4n0sh1,DC=org",ipsecFilter
System/IP Security/ipsecISAKMPPolicy{72385231-70FA-11D1-864C-14A300000000},h4n0sh1.org/System/IP Security/ipsecISAKMPPolicy{72385231-70FA-11D1-864C-14A300000000},"CN=ipsecISAKMPPolicy{72385231-70FA-11D1-864C-14A300000000},CN=IP Security,CN=System,DC=h4n0sh1,DC=org",ipsecISAKMPPolicy
System/IP Security/ipsecISAKMPPolicy{72385237-70FA-11D1-864C-14A300000000},h4n0sh1.org/System/IP Security/ipsecISAKMPPolicy{72385237-70FA-11D1-864C-14A300000000},"CN=ipsecISAKMPPolicy{72385237-70FA-11D1-864C-14A300000000},CN=IP Security,CN=System,DC=h4n0sh1,DC=org",ipsecISAKMPPolicy
System/IP Security/ipsecISAKMPPolicy{7238523D-70FA-11D1-864C-14A300000000},h4n0sh1.org/System/IP Security/ipsecISAKMPPolicy{7238523D-70FA-11D1-864C-14A300000000},"CN=ipsecISAKMPPolicy{7238523D-70FA-11D1-864C-14A300000000},CN=IP Security,CN=System,DC=h4n0sh1,DC=org",ipsecISAKMPPolicy
System/IP Security/ipsecNegotiationPolicy{59319BDF-5EE3-11D2-ACE8-0060B0ECCA17},h4n0sh1.org/System/IP Security/ipsecNegotiationPolicy{59319BDF-5EE3-11D2-ACE8-0060B0ECCA17},"CN=ipsecNegotiationPolicy{59319BDF-5EE3-11D2-ACE8-0060B0ECCA17},CN=IP Security,CN=System,DC=h4n0sh1,DC=org",ipsecNegotiationPolicy
System/IP Security/ipsecNegotiationPolicy{59319BF0-5EE3-11D2-ACE8-0060B0ECCA17},h4n0sh1.org/System/IP Security/ipsecNegotiationPolicy{59319BF0-5EE3-11D2-ACE8-0060B0ECCA17},"CN=ipsecNegotiationPolicy{59319BF0-5EE3-11D2-ACE8-0060B0ECCA17},CN=IP Security,CN=System,DC=h4n0sh1,DC=org",ipsecNegotiationPolicy
System/IP Security/ipsecNegotiationPolicy{59319C01-5EE3-11D2-ACE8-0060B0ECCA17},h4n0sh1.org/System/IP Security/ipsecNegotiationPolicy{59319C01-5EE3-11D2-ACE8-0060B0ECCA17},"CN=ipsecNegotiationPolicy{59319C01-5EE3-11D2-ACE8-0060B0ECCA17},CN=IP Security,CN=System,DC=h4n0sh1,DC=org",ipsecNegotiationPolicy
System/IP Security/ipsecNegotiationPolicy{72385233-70FA-11D1-864C-14A300000000},h4n0sh1.org/System/IP Security/ipsecNegotiationPolicy{72385233-70FA-11D1-864C-14A300000000},"CN=ipsecNegotiationPolicy{72385233-70FA-11D1-864C-14A300000000},CN=IP Security,CN=System,DC=h4n0sh1,DC=org",ipsecNegotiationPolicy
System/IP Security/ipsecNegotiationPolicy{7238523B-70FA-11D1-864C-14A300000000},h4n0sh1.org/System/IP Security/ipsecNegotiationPolicy{7238523B-70FA-11D1-864C-14A300000000},"CN=ipsecNegotiationPolicy{7238523B-70FA-11D1-864C-14A300000000},CN=IP Security,CN=System,DC=h4n0sh1,DC=org",ipsecNegotiationPolicy
System/IP Security/ipsecNegotiationPolicy{7238523F-70FA-11D1-864C-14A300000000},h4n0sh1.org/System/IP Security/ipsecNegotiationPolicy{7238523F-70FA-11D1-864C-14A300000000},"CN=ipsecNegotiationPolicy{7238523F-70FA-11D1-864C-14A300000000},CN=IP Security,CN=System,DC=h4n0sh1,DC=org",ipsecNegotiationPolicy
System/IP Security/ipsecNFA{59319BE2-5EE3-11D2-ACE8-0060B0ECCA17},h4n0sh1.org/System/IP Security/ipsecNFA{59319BE2-5EE3-11D2-ACE8-0060B0ECCA17},"CN=ipsecNFA{59319BE2-5EE3-11D2-ACE8-0060B0ECCA17},CN=IP Security,CN=System,DC=h4n0sh1,DC=org",ipsecNFA
System/IP Security/ipsecNFA{59319BF3-5EE3-11D2-ACE8-0060B0ECCA17},h4n0sh1.org/System/IP Security/ipsecNFA{59319BF3-5EE3-11D2-ACE8-0060B0ECCA17},"CN=ipsecNFA{59319BF3-5EE3-11D2-ACE8-0060B0ECCA17},CN=IP Security,CN=System,DC=h4n0sh1,DC=org",ipsecNFA
System/IP Security/ipsecNFA{59319C04-5EE3-11D2-ACE8-0060B0ECCA17},h4n0sh1.org/System/IP Security/ipsecNFA{59319C04-5EE3-11D2-ACE8-0060B0ECCA17},"CN=ipsecNFA{59319C04-5EE3-11D2-ACE8-0060B0ECCA17},CN=IP Security,CN=System,DC=h4n0sh1,DC=org",ipsecNFA
System/IP Security/ipsecNFA{594272E2-071D-11D3-AD22-0060B0ECCA17},h4n0sh1.org/System/IP Security/ipsecNFA{594272E2-071D-11D3-AD22-0060B0ECCA17},"CN=ipsecNFA{594272E2-071D-11D3-AD22-0060B0ECCA17},CN=IP Security,CN=System,DC=h4n0sh1,DC=org",ipsecNFA
System/IP Security/ipsecNFA{594272FD-071D-11D3-AD22-0060B0ECCA17},h4n0sh1.org/System/IP Security/ipsecNFA{594272FD-071D-11D3-AD22-0060B0ECCA17},"CN=ipsecNFA{594272FD-071D-11D3-AD22-0060B0ECCA17},CN=IP Security,CN=System,DC=h4n0sh1,DC=org",ipsecNFA
System/IP Security/ipsecNFA{6A1F5C6F-72B7-11D2-ACF0-0060B0ECCA17},h4n0sh1.org/System/IP Security/ipsecNFA{6A1F5C6F-72B7-11D2-ACF0-0060B0ECCA17},"CN=ipsecNFA{6A1F5C6F-72B7-11D2-ACF0-0060B0ECCA17},CN=IP Security,CN=System,DC=h4n0sh1,DC=org",ipsecNFA
System/IP Security/ipsecNFA{72385232-70FA-11D1-864C-14A300000000},h4n0sh1.org/System/IP Security/ipsecNFA{72385232-70FA-11D1-864C-14A300000000},"CN=ipsecNFA{72385232-70FA-11D1-864C-14A300000000},CN=IP Security,CN=System,DC=h4n0sh1,DC=org",ipsecNFA
System/IP Security/ipsecNFA{7238523E-70FA-11D1-864C-14A300000000},h4n0sh1.org/System/IP Security/ipsecNFA{7238523E-70FA-11D1-864C-14A300000000},"CN=ipsecNFA{7238523E-70FA-11D1-864C-14A300000000},CN=IP Security,CN=System,DC=h4n0sh1,DC=org",ipsecNFA
System/IP Security/ipsecPolicy{72385230-70FA-11D1-864C-14A300000000},h4n0sh1.org/System/IP Security/ipsecPolicy{72385230-70FA-11D1-864C-14A300000000},"CN=ipsecPolicy{72385230-70FA-11D1-864C-14A300000000},CN=IP Security,CN=System,DC=h4n0sh1,DC=org",ipsecPolicy
System/IP Security/ipsecPolicy{72385236-70FA-11D1-864C-14A300000000},h4n0sh1.org/System/IP Security/ipsecPolicy{72385236-70FA-11D1-864C-14A300000000},"CN=ipsecPolicy{72385236-70FA-11D1-864C-14A300000000},CN=IP Security,CN=System,DC=h4n0sh1,DC=org",ipsecPolicy
System/IP Security/ipsecPolicy{7238523C-70FA-11D1-864C-14A300000000},h4n0sh1.org/System/IP Security/ipsecPolicy{7238523C-70FA-11D1-864C-14A300000000},"CN=ipsecPolicy{7238523C-70FA-11D1-864C-14A300000000},CN=IP Security,CN=System,DC=h4n0sh1,DC=org",ipsecPolicy
System/Meetings,h4n0sh1.org/System/Meetings,"CN=Meetings,CN=System,DC=h4n0sh1,DC=org",container
System/MicrosoftDNS,h4n0sh1.org/System/MicrosoftDNS,"CN=MicrosoftDNS,CN=System,DC=h4n0sh1,DC=org",container
System/MicrosoftDNS/RootDNSServers,h4n0sh1.org/System/MicrosoftDNS/RootDNSServers,"DC=RootDNSServers,CN=MicrosoftDNS,CN=System,DC=h4n0sh1,DC=org",dnsZone
System/MicrosoftDNS/RootDNSServers/@,h4n0sh1.org/System/MicrosoftDNS/RootDNSServers/@,"DC=@,DC=RootDNSServers,CN=MicrosoftDNS,CN=System,DC=h4n0sh1,DC=org",dnsNode
System/MicrosoftDNS/RootDNSServers/a.root-servers.net,h4n0sh1.org/System/MicrosoftDNS/RootDNSServers/a.root-servers.net,"DC=a.root-servers.net,DC=RootDNSServers,CN=MicrosoftDNS,CN=System,DC=h4n0sh1,DC=org",dnsNode
System/MicrosoftDNS/RootDNSServers/b.root-servers.net,h4n0sh1.org/System/MicrosoftDNS/RootDNSServers/b.root-servers.net,"DC=b.root-servers.net,DC=RootDNSServers,CN=MicrosoftDNS,CN=System,DC=h4n0sh1,DC=org",dnsNode
System/MicrosoftDNS/RootDNSServers/c.root-servers.net,h4n0sh1.org/System/MicrosoftDNS/RootDNSServers/c.root-servers.net,"DC=c.root-servers.net,DC=RootDNSServers,CN=MicrosoftDNS,CN=System,DC=h4n0sh1,DC=org",dnsNode
System/MicrosoftDNS/RootDNSServers/d.root-servers.net,h4n0sh1.org/System/MicrosoftDNS/RootDNSServers/d.root-servers.net,"DC=d.root-servers.net,DC=RootDNSServers,CN=MicrosoftDNS,CN=System,DC=h4n0sh1,DC=org",dnsNode
System/MicrosoftDNS/RootDNSServers/e.root-servers.net,h4n0sh1.org/System/MicrosoftDNS/RootDNSServers/e.root-servers.net,"DC=e.root-servers.net,DC=RootDNSServers,CN=MicrosoftDNS,CN=System,DC=h4n0sh1,DC=org",dnsNode
System/MicrosoftDNS/RootDNSServers/f.root-servers.net,h4n0sh1.org/System/MicrosoftDNS/RootDNSServers/f.root-servers.net,"DC=f.root-servers.net,DC=RootDNSServers,CN=MicrosoftDNS,CN=System,DC=h4n0sh1,DC=org",dnsNode
System/MicrosoftDNS/RootDNSServers/g.root-servers.net,h4n0sh1.org/System/MicrosoftDNS/RootDNSServers/g.root-servers.net,"DC=g.root-servers.net,DC=RootDNSServers,CN=MicrosoftDNS,CN=System,DC=h4n0sh1,DC=org",dnsNode
System/MicrosoftDNS/RootDNSServers/h.root-servers.net,h4n0sh1.org/System/MicrosoftDNS/RootDNSServers/h.root-servers.net,"DC=h.root-servers.net,DC=RootDNSServers,CN=MicrosoftDNS,CN=System,DC=h4n0sh1,DC=org",dnsNode
System/MicrosoftDNS/RootDNSServers/i.root-servers.net,h4n0sh1.org/System/MicrosoftDNS/RootDNSServers/i.root-servers.net,"DC=i.root-servers.net,DC=RootDNSServers,CN=MicrosoftDNS,CN=System,DC=h4n0sh1,DC=org",dnsNode
System/MicrosoftDNS/RootDNSServers/j.root-servers.net,h4n0sh1.org/System/MicrosoftDNS/RootDNSServers/j.root-servers.net,"DC=j.root-servers.net,DC=RootDNSServers,CN=MicrosoftDNS,CN=System,DC=h4n0sh1,DC=org",dnsNode
System/MicrosoftDNS/RootDNSServers/k.root-servers.net,h4n0sh1.org/System/MicrosoftDNS/RootDNSServers/k.root-servers.net,"DC=k.root-servers.net,DC=RootDNSServers,CN=MicrosoftDNS,CN=System,DC=h4n0sh1,DC=org",dnsNode
System/MicrosoftDNS/RootDNSServers/l.root-servers.net,h4n0sh1.org/System/MicrosoftDNS/RootDNSServers/l.root-servers.net,"DC=l.root-servers.net,DC=RootDNSServers,CN=MicrosoftDNS,CN=System,DC=h4n0sh1,DC=org",dnsNode
System/MicrosoftDNS/RootDNSServers/m.root-servers.net,h4n0sh1.org/System/MicrosoftDNS/RootDNSServers/m.root-servers.net,"DC=m.root-servers.net,DC=RootDNSServers,CN=MicrosoftDNS,CN=System,DC=h4n0sh1,DC=org",dnsNode
System/Password Settings Container,h4n0sh1.org/System/Password Settings Container,"CN=Password Settings Container,CN=System,DC=h4n0sh1,DC=org",msDS-PasswordSettingsContainer
System/Policies,h4n0sh1.org/System/Policies,"CN=Policies,CN=System,DC=h4n0sh1,DC=org",container
System/Policies/{31B2F340-016D-11D2-945F-00C04FB984F9},h4n0sh1.org/System/Policies/{31B2F340-016D-11D2-945F-00C04FB984F9},"CN={31B2F340-016D-11D2-945F-00C04FB984F9},CN=Policies,CN=System,DC=h4n0sh1,DC=org",groupPolicyContainer
System/Policies/{31B2F340-016D-11D2-945F-00C04FB984F9}/Machine,h4n0sh1.org/System/Policies/{31B2F340-016D-11D2-945F-00C04FB984F9}/Machine,"CN=Machine,CN={31B2F340-016D-11D2-945F-00C04FB984F9},CN=Policies,CN=System,DC=h4n0sh1,DC=org",container
System/Policies/{31B2F340-016D-11D2-945F-00C04FB984F9}/User,h4n0sh1.org/System/Policies/{31B2F340-016D-11D2-945F-00C04FB984F9}/User,"CN=User,CN={31B2F340-016D-11D2-945F-00C04FB984F9},CN=Policies,CN=System,DC=h4n0sh1,DC=org",container
System/Policies/{6AC1786C-016F-11D2-945F-00C04fB984F9},h4n0sh1.org/System/Policies/{6AC1786C-016F-11D2-945F-00C04fB984F9},"CN={6AC1786C-016F-11D2-945F-00C04fB984F9},CN=Policies,CN=System,DC=h4n0sh1,DC=org",groupPolicyContainer
System/Policies/{6AC1786C-016F-11D2-945F-00C04fB984F9}/Machine,h4n0sh1.org/System/Policies/{6AC1786C-016F-11D2-945F-00C04fB984F9}/Machine,"CN=Machine,CN={6AC1786C-016F-11D2-945F-00C04fB984F9},CN=Policies,CN=System,DC=h4n0sh1,DC=org",container
System/Policies/{6AC1786C-016F-11D2-945F-00C04fB984F9}/User,h4n0sh1.org/System/Policies/{6AC1786C-016F-11D2-945F-00C04fB984F9}/User,"CN=User,CN={6AC1786C-016F-11D2-945F-00C04fB984F9},CN=Policies,CN=System,DC=h4n0sh1,DC=org",container
System/PSPs,h4n0sh1.org/System/PSPs,"CN=PSPs,CN=System,DC=h4n0sh1,DC=org",msImaging-PSPs
System/RAS and IAS Servers Access Check,h4n0sh1.org/System/RAS and IAS Servers Access Check,"CN=RAS and IAS Servers Access Check,CN=System,DC=h4n0sh1,DC=org",container
System/RID Manager$,h4n0sh1.org/System/RID Manager$,"CN=RID Manager$,CN=System,DC=h4n0sh1,DC=org",rIDManager
System/RpcServices,h4n0sh1.org/System/RpcServices,"CN=RpcServices,CN=System,DC=h4n0sh1,DC=org",rpcContainer
System/Server,h4n0sh1.org/System/Server,"CN=Server,CN=System,DC=h4n0sh1,DC=org",samServer
System/WinsockServices,h4n0sh1.org/System/WinsockServices,"CN=WinsockServices,CN=System,DC=h4n0sh1,DC=org",container
System/WMIPolicy,h4n0sh1.org/System/WMIPolicy,"CN=WMIPolicy,CN=System,DC=h4n0sh1,DC=org",container
System/WMIPolicy/PolicyTemplate,h4n0sh1.org/System/WMIPolicy/PolicyTemplate,"CN=PolicyTemplate,CN=WMIPolicy,CN=System,DC=h4n0sh1,DC=org",container
System/WMIPolicy/PolicyType,h4n0sh1.org/System/WMIPolicy/PolicyType,"CN=PolicyType,CN=WMIPolicy,CN=System,DC=h4n0sh1,DC=org",container
System/WMIPolicy/SOM,h4n0sh1.org/System/WMIPolicy/SOM,"CN=SOM,CN=WMIPolicy,CN=System,DC=h4n0sh1,DC=org",container
System/WMIPolicy/WMIGPO,h4n0sh1.org/System/WMIPolicy/WMIGPO,"CN=WMIGPO,CN=WMIPolicy,CN=System,DC=h4n0sh1,DC=org",container
TPM Devices,h4n0sh1.org/TPM Devices,"CN=TPM Devices,DC=h4n0sh1,DC=org",msTPM-InformationObjectsContainer
Users,h4n0sh1.org/Users,"CN=Users,DC=h4n0sh1,DC=org",container
Users/Administrator,h4n0sh1.org/Users/Administrator,"CN=Administrator,CN=Users,DC=h4n0sh1,DC=org",user
Users/Allowed RODC Password Replication Group,h4n0sh1.org/Users/Allowed RODC Password Replication Group,"CN=Allowed RODC Password Replication Group,CN=Users,DC=h4n0sh1,DC=org",group
Users/Cert Publishers,h4n0sh1.org/Users/Cert Publishers,"CN=Cert Publishers,CN=Users,DC=h4n0sh1,DC=org",group
Users/Cloneable Domain Controllers,h4n0sh1.org/Users/Cloneable Domain Controllers,"CN=Cloneable Domain Controllers,CN=Users,DC=h4n0sh1,DC=org",group
Users/Denied RODC Password Replication Group,h4n0sh1.org/Users/Denied RODC Password Replication Group,"CN=Denied RODC Password Replication Group,CN=Users,DC=h4n0sh1,DC=org",group
Users/DnsAdmins,h4n0sh1.org/Users/DnsAdmins,"CN=DnsAdmins,CN=Users,DC=h4n0sh1,DC=org",group
Users/DnsUpdateProxy,h4n0sh1.org/Users/DnsUpdateProxy,"CN=DnsUpdateProxy,CN=Users,DC=h4n0sh1,DC=org",group
Users/Domain Admins,h4n0sh1.org/Users/Domain Admins,"CN=Domain Admins,CN=Users,DC=h4n0sh1,DC=org",group
Users/Domain Computers,h4n0sh1.org/Users/Domain Computers,"CN=Domain Computers,CN=Users,DC=h4n0sh1,DC=org",group
Users/Domain Controllers,h4n0sh1.org/Users/Domain Controllers,"CN=Domain Controllers,CN=Users,DC=h4n0sh1,DC=org",group
Users/Domain Guests,h4n0sh1.org/Users/Domain Guests,"CN=Domain Guests,CN=Users,DC=h4n0sh1,DC=org",group
Users/Domain Users,h4n0sh1.org/Users/Domain Users,"CN=Domain Users,CN=Users,DC=h4n0sh1,DC=org",group
Users/Enterprise Admins,h4n0sh1.org/Users/Enterprise Admins,"CN=Enterprise Admins,CN=Users,DC=h4n0sh1,DC=org",group
Users/Enterprise Key Admins,h4n0sh1.org/Users/Enterprise Key Admins,"CN=Enterprise Key Admins,CN=Users,DC=h4n0sh1,DC=org",group
Users/Enterprise Read-only Domain Controllers,h4n0sh1.org/Users/Enterprise Read-only Domain Controllers,"CN=Enterprise Read-only Domain Controllers,CN=Users,DC=h4n0sh1,DC=org",group
Users/Group Policy Creator Owners,h4n0sh1.org/Users/Group Policy Creator Owners,"CN=Group Policy Creator Owners,CN=Users,DC=h4n0sh1,DC=org",group
Users/Guest,h4n0sh1.org/Users/Guest,"CN=Guest,CN=Users,DC=h4n0sh1,DC=org",user
Users/Key Admins,h4n0sh1.org/Users/Key Admins,"CN=Key Admins,CN=Users,DC=h4n0sh1,DC=org",group
Users/krbtgt,h4n0sh1.org/Users/krbtgt,"CN=krbtgt,CN=Users,DC=h4n0sh1,DC=org",user
Users/Protected Users,h4n0sh1.org/Users/Protected Users,"CN=Protected Users,CN=Users,DC=h4n0sh1,DC=org",group
Users/RAS and IAS Servers,h4n0sh1.org/Users/RAS and IAS Servers,"CN=RAS and IAS Servers,CN=Users,DC=h4n0sh1,DC=org",group
Users/Read-only Domain Controllers,h4n0sh1.org/Users/Read-only Domain Controllers,"CN=Read-only Domain Controllers,CN=Users,DC=h4n0sh1,DC=org",group
Users/Schema Admins,h4n0sh1.org/Users/Schema Admins,"CN=Schema Admins,CN=Users,DC=h4n0sh1,DC=org",group
